id,name,model_id:id,group_id:id,perm_read,perm_write,perm_create,perm_unlink
access_sales_target_user,sales.target.user,model_sales_target,sales_team.group_sale_salesman,1,0,0,0
access_sales_target_manager,sales.target.manager,model_sales_target,sales_team.group_sale_manager,1,1,1,1
access_sales_target_line_user,sales.target.line.user,model_sales_target_line,sales_team.group_sale_salesman,1,0,0,0
access_sales_target_line_manager,sales.target.line.manager,model_sales_target_line,sales_team.group_sale_manager,1,1,1,1
access_bulk_target_wizard,bulk.target.wizard,model_bulk_target_wizard,sales_team.group_sale_manager,1,1,1,1
access_bulk_target_wizard_line,bulk.target.wizard.line,model_bulk_target_wizard_line,sales_team.group_sale_manager,1,1,1,1
access_copy_target_wizard,copy.target.wizard,model_copy_target_wizard,sales_team.group_sale_manager,1,1,1,1
access_sales_target_report_user,sales.target.report.wizard.user,model_sales_target_report_wizard,sales_team.group_sale_salesman,1,1,1,1
access_sales_target_report_manager,sales.target.report.wizard.manager,model_sales_target_report_wizard,sales_team.group_sale_manager,1,1,1,1
